Garden,Species ID,Old_Sample label,New_Labels,Provinence
Botanic Gardens of Sydney (BGS),E. bubalinus,B26A,BGS_B1,unknown
Botanic Gardens of Sydney (BGS),E. sclavoi,S26B,BGS_S2,unknown
Botanic Gardens of Sydney (BGS),E. hildebrandtii,H26C,BGS_H3,unknown
Botanical Garden at University of Hawaii-Hilo(UH),E. kisambo,K-5-1,UH_K1,
Botanical Garden at University of Hawaii-Hilo(UH),E. kisambo,K-5-2,UH_K2,
Botanical Garden at University of Hawaii-Hilo(UH),E. kisambo,K-5-3,UH_K3,
Botanical Garden at University of Hawaii-Hilo(UH),E. hildebrandtii,H-5-1,UH_H4,
Botanical Garden at University of Hawaii-Hilo(UH),E. hildebrandtii,H-5-2,UH_H5,
Botanical Garden at University of Hawaii-Hilo(UH),E. hildebrandtii,H-5-3,UH_H6,
Botanischer Garten der Universitat Bern (BOGA),E. sclavoi,S15A,BOGA_S1,Tanzania
Botanischer Garten der Universität Heidelberg (HEID),E. hildebrandtii,H19B,HEID_H2,unknown
Botanischer Garten der Universität Heidelberg (HEID),E. hildebrandtii,H19C,HEID_H3,unknown
"Brisbane Botanic Gardens, Mt Coot-tha, QLD,Australia (BBG)",E. kisambo,K25A,BBG_K1,
"Brisbane Botanic Gardens, Mt Coot-tha, QLD,Australia (BBG)",E. sclavoi,S25B,BBG_S2,
"Brisbane Botanic Gardens, Mt Coot-tha, QLD,Australia (BBG)",E. hildebrandtii,H25C,BBG_H3,
"Brisbane Botanic Gardens, Mt Coot-tha, QLD,Australia (BBG)",E. hildebrandtii,H25D,BBG_H4,
Denver Botanic Garden (DBG),E. hildebrandtii,H-9-1,DBG_H1,
Descanso Garden (DG),E. kisambo,K-8-A,DG_K1,unknown
Descanso Garden (DG),E. kisambo,K-8-B,DG_K2,unknown
Descanso Garden (DG),E. sclavoi,S-8-C,DG_S3,unknown
Descanso Garden (DG),E. kisambo,K-8-D,DG_K4,unknown
Descanso Garden (DG),E. hildebrandtii,H-8-E,DG_H5,unknown
Descanso Garden (DG),E. sclavoi,S-8-F,DG_S6,unknown
Edison & Ford Winter Estates (EFWE),E. kisambo,K14A,EFWE_K1,unknown
Edison & Ford Winter Estates (EFWE),E. hildebrandtii,H14B,EFWE_H2,unknown
Edison & Ford Winter Estates (EFWE),E. bubalinus,B14C,EFWE_B3,unknown
Ganna Walska Lotusland (GWL),E. bubalinus,B-12-1,GWL_B1,Tanzania
Ganna Walska Lotusland (GWL),E. hildebrandtii,H-12-2,GWL_H2,
Ganna Walska Lotusland (GWL),E. hildebrandtii,H-12-3,GWL_H3,Kenya
Ganna Walska Lotusland (GWL),E. hildebrandtii,H-12-4,GWL_H4,
Ganna Walska Lotusland (GWL),E. hildebrandtii,H-12-5,GWL_H5,
Ganna Walska Lotusland (GWL),E. kisambo,K-12-2,GWL_K6,Kenya
Ganna Walska Lotusland (GWL),E. hildebrandtii,H-12-6,GWL_H7,Tanzania
Ganna Walska Lotusland (GWL),E. hildebrandtii,H-12-7,GWL_H8,Kenya
Ganna Walska Lotusland (GWL),E. hildebrandtii,H-12-8,GWL_H9,Kenya
Ganna Walska Lotusland (GWL),E. bubalinus,B-12-2,GWL_B10,Tanzania
Ganna Walska Lotusland (GWL),E. sclavoi,S-12-1,GWL_S11,Tanzania
Ganna Walska Lotusland (GWL),E. kisambo,K-12-3,GWL_K12,Kenya
Ganna Walska Lotusland (GWL),E. hildebrandtii,H-12-9,GWL_H13,Kenya
Ganna Walska Lotusland (GWL),E. hildebrandtii,H-12-10,GWL_H14,
Ganna Walska Lotusland (GWL),E. kisambo,K-12-1,GWL_K15,
Ganna Walska Lotusland (GWL),E. hildebrandtii,H-12-1,GWL_H16,Kenya
Garfield Park Conseratory (GP),E. hildebrandtii,GP11,GP_H1,
Honolulu Botanical Garden (HBG),E. hildebrandtii,H18A,HBG_H1,
Huntington Botanical Garden (HNT),E. kisambo,K-3-1,HNT_K1,Kenya
Huntington Botanical Garden (HNT),E. kisambo,K-3-2,HNT_K2,Kenya
Huntington Botanical Garden (HNT),E. kisambo,K-3-3,HNT_K3,
Huntington Botanical Garden (HNT),E. kisambo,K-3-4,HNT_K4,Kenya
Huntington Botanical Garden (HNT),E. kisambo,K-3-5,HNT_K5,
Huntington Botanical Garden (HNT),E. kisambo,K-3-6,HNT_K6,
Huntington Botanical Garden (HNT),E. kisambo,K-3-7,HNT_K7,
Huntington Botanical Garden (HNT),E. kisambo,K-3-8,HNT_K8,
Huntington Botanical Garden (HNT),E. sclavoi,S-3-1,HNT_S9,
Huntington Botanical Garden (HNT),E. sclavoi,S-3-2,HNT_S10,Tanzania
Huntington Botanical Garden (HNT),E. sclavoi,S-3-3,HNT_S11,Tanzania
Huntington Botanical Garden (HNT),E. bubalinus,B-3-1,HNT_B12,Tanzania
Huntington Botanical Garden (HNT),E. bubalinus,B-3-2,HNT_B13,Tanzania
Huntington Botanical Garden (HNT),E. hildebrandtii,H-3-1,HNT_H14,unknown
Huntington Botanical Garden (HNT),E. hildebrandtii,H-3-2,HNT_H15,
Huntington Botanical Garden (HNT),E. kisambo,HE73,HNT_K16,
Huntington Botanical Garden (HNT),E. hildebrandtii,HE88,HNT_H19,
Jardi Botanic de La Universitat de Valencia (JBV),E. kisambo,K22A,JBV_K1,Kenya
Jardi Botanic de La Universitat de Valencia (JBV),E. kisambo,K22B,JBV_K2,Kenya
Lincoln Park Conservatory (LPC),E. hildebrandtii,Y46,LPC_H2,
Marie Selby Botanical Gardens (MSBG),E. hildebrandtii,H17A,MSBG_H1,unknown
Marie Selby Botanical Gardens (MSBG),E. kisambo,K17B,MSBG_K2,Kenya
Missouri Botanical Garden (MO),E. hildebrandtii,H-10-1,MO_H1,unknown
Missouri Botanical Garden (MO),E. hildebrandtii,H-10-2,MO_H2,unknown
Missouri Botanical Garden (MO),E. kanga,KA24,MO_KA3,Tanzania
Missouri Botanical Garden (MO),E. hildebrandtii,H24A,MO_H4,Tanzania
Missouri Botanical Garden (MO),E. hildebrandtii,H24B,MO_H5,Tanzania
Missouri Botanical Garden (MO),E. hildebrandtii,H24C,MO_H6,Tanzania
Missouri Botanical Garden (MO),E. hildebrandtii,H24D,MO_H7,Tanzania
Missouri Botanical Garden (MO),E. hildebrandtii,H24E,MO_H8,kenya
Missouri Botanical Garden (MO),E. hildebrandtii,H24F,MO_H9,Tanzania
Montgomery Botanical Gardens (MBG),E. sclavoi,ME13,MBG_S1,unknown
Montgomery Botanical Gardens (MBG),E. sclavoi,ME26,MBG_S2,
Naples Botanical Garden(NBG),E. Unknown,N21,NBG_U2,unknown
Naples Botanical Garden(NBG),E. Unknown,N22,NBG_U3,unknown
Naples Botanical Garden(NBG),E. hildebrandtii,N23,NBG_H4,unknown
Naples Botanical Garden(NBG),E. Unknown,N24,NBG_U5,unknown
Naples Botanical Garden(NBG),E. Unknown,N25,NBG_U6,unknown
Naples Botanical Garden(NBG),E. Unknown,N28,NBG_U9,unknown
Naples Botanical Garden(NBG),E. Unknown,N29,NBG_U10,unknown
National Herbarium of Tanzania (NHT),E. hildebrandtii,H61 ,NHT_H1,Tanzania
National Herbarium of Tanzania (NHT),E. bubalinus,B-6A,NHT_B2,Tanzania
National Herbarium of Tanzania (NHT),E. bubalinus,B-6B,NHT_B3,Tanzania
National Herbarium of Tanzania (NHT),E. bubalinus,B-6-3,NHT_B4,Tanzania
National Herbarium of Tanzania (NHT),E. bubalinus,B-6-6,NHT_B5,Tanzania
National Herbarium of Tanzania (NHT),E. kanga,Kanga-6,NHT_KA6,Tanzania
National Herbarium of Tanzania (NHT),E. sclavoi,S-6,NHT_S7,Tanzania
National Tropical Botanical Garden (NTBG),E. hildebrandtii,H-4-1,NTBG_H1,unknown
National Tropical Botanical Garden (NTBG),E. sclavoi,S-4-1,NTBG_S2,unknown
National Tropical Botanical Garden (NTBG),E. kisambo,K-4-1,NTBG_K3,unknown
National Tropical Botanical Garden (NTBG),E. kisambo,K-4-2,NTBG_K4,unknown
National Tropical Botanical Garden (NTBG),E. kisambo,K-4-3,NTBG_K5,unknown
National Tropical Botanical Garden (NTBG),E. kisambo,K-4-4,NTBG_K6,unknown
National Tropical Botanical Garden (NTBG),E. kisambo,K-4-5,NTBG_K7,unknown
New York Botanical Garden (NYBG),E. kisambo,K-2-1,NYBG_K1,
New York Botanical Garden (NYBG),E. sclavoi,S-2-1,NYBG_S2,Tanzania
San Diego Botanic Garden (SDBG),E. bubalinus,B-1-1,SDBG_B1,
San Diego Botanic Garden (SDBG),E. kisambo,K-1-1,SDBG_K2,
San Diego Botanic Garden (SDBG),E. kisambo,K-1-2,SDBG_K3,
San Diego Botanic Garden (SDBG),E. sclavoi,S-1-1,SDBG_S4,
San Diego Botanic Garden (SDBG),E. sclavoi,S-1-2,SDBG_S5,
San Diego Botanic Garden (SDBG),E. kisambo,K-1-3,SDBG_K6,
San Diego Botanic Garden (SDBG),E. sclavoi,S-1-3,SDBG_S7,
San Diego Zoo (SDZ),E. kisambo,K-7-1,SDZ_K1,
San Diego Zoo (SDZ),E. bubalinus,B-7-1,SDZ_B2,Tanzania
San Diego Zoo (SDZ),E. hildebrandtii,H-7-1,SDZ_H3,
San Diego Zoo (SDZ),E. sclavoi,S-7-1,SDZ_S4,
San Diego Zoo Safari Park (SDZSP),E. sclavoi,S-11-1,SDZSP_S1,
San Diego Zoo Safari Park (SDZSP),E. sclavoi,S-11-2,SDZSP_S2,
San Diego Zoo Safari Park (SDZSP),E. sclavoi,S-11-3,SDZSP_S3,
San Diego Zoo Safari Park (SDZSP),E. kisambo,K-11-1,SDZSP_K4,
San Diego Zoo Safari Park (SDZSP),E. kisambo,K-11-2,SDZSP_K5,
Smithsonian National Museum of Natural History(US),E. kisambo,K23A,US_K1,Kenya
The Botanical Garden of Smith College (BGSC),E. hildebrandtii,H21A,BGSC_H1,
University of California Botanical Garden at Berkeley (UCBG),E. kisambo,K16A,UCBG_K1,
University of California Botanical Garden at Berkeley (UCBG),E. kisambo,K16B,UCBG_K2,
University of California Botanical Garden at Berkeley (UCBG),E. kisambo,K16C,UCBG_K3,
University of California Botanical Garden at Berkeley (UCBG),E. bubalinus,B16D,UCBG_B4,Tanzania
University of California Botanical Garden at Berkeley (UCBG),E. kisambo,K16E,UCBG_K5,Kenya
University of California Botanical Garden at Berkeley (UCBG),E. sclavoi,S16F,UCBG_S6,Tanzania
University of California Botanical Garden at Berkeley (UCBG),E. kisambo,K16G,UCBG_K7,
University of California Botanical Garden at Berkeley (UCBG),E. hildebrandtii,H16H,UCBG_H8,Kenya
